"Band","NH01","NH02","NH03","NH04","NH05","NH06","NH07","NH08","NH09","NH10","NH11","NH12","NH13","NH14","AE01","AE02","AE03","AE04","AE05","AE06","AE07","AE08","AE09","AE10","AE11","AE12","AE12b"
"420",3.15477962978144,3.15473649693057,3.11669385188853,3.20582131330217,3.06627213347953,2.977654809619,2.94157021679473,2.94274473246144,2.93933749534235,3.03419934106934,3.00133642295198,3.22212195644763,3.1341007217104,3.14196961975505,1.76386541629866,2.28425746404111,2.1425836020703,2.27345544474261,2.64406019448405,2.59948472602639,2.77099050084946,2.9618953151966,2.97478764250165,2.99048743815524,2.98613624103926,2.92492732676782,2.92751429100295
"422",3.09012675073911,3.09522903742269,3.05523211730591,3.13390607331918,3.0029726735359,2.91472066609062,2.88219025706562,2.88831552195607,2.8742495446102,2.96666349301702,2.93929248259479,3.14887929602383,3.06662225450037,3.07702291741916,1.7404770004527,2.28957445842291,2.15215055838181,2.28389447464747,2.63322944776202,2.59197180538533,2.74642997983009,2.91769285288163,2.93406526323464,2.95044189644228,2.94325879466028,2.88768465517668,2.88854578545063
"424",3.03048947919481,3.03893909082742,2.99927956341302,3.07067944449583,2.94404129342352,2.85921399426348,2.8289707693645,2.84215217762969,2.81851209597093,2.90808740908074,2.88050286217461,3.08280109383227,3.00692263629456,3.01762758422446,1.7177708558901,2.30038789578615,2.16784558499741,2.29693496133755,2.62663590571455,2.58667935136672,2.72244268416819,2.87862172199356,2.90082467977203,2.91578500996919,2.9099689186097,2.85183929049909,2.85420235499578
"426",2.95964631474532,2.96993891933737,2.93535729658776,2.99508466823226,2.87730984253738,2.79533265270708,2.76394317939606,2.78540942870105,2.75196031968708,2.83927621549338,2.81197571827663,3.00537587864539,2.93826883887591,2.94931417583474,1.67089836498819,2.29799166759097,2.17077568707752,2.29855079818135,2.60628218180443,2.57440598461255,2.69031883008126,2.83289458085487,2.85566945267217,2.8686792463489,2.86398623385017,2.80773929146234,2.80931977925594
"428",2.88589593101128,2.89661848582104,2.86939887258553,2.91543518022278,2.80917376915092,2.72879687808402,2.69694446993897,2.72507583612165,2.68314925264976,2.76786727516272,2.74198451150934,2.92433726715964,2.86628594612208,2.87878591125059,1.61457797983838,2.28852386511755,2.16628723815691,2.29608663365043,2.58151127060583,2.55792654064622,2.65619379599209,2.78370543936029,2.80412500640052,2.81613828131742,2.81117690741426,2.76022185874288,2.75993993092291
"430",2.81381067992027,2.82413039435789,2.8041561337394,2.83649858093925,2.74275042485221,2.66383589664709,2.63379855354877,2.66651753190908,2.61824946931714,2.69870614048769,2.67507022153137,2.84431936547692,2.79505141278408,2.80921579603554,1.56033747039985,2.2794557146889,2.16183398651942,2.29603031065101,2.55953608519457,2.54064560737189,2.6235410481766,2.73391924441027,2.75205454587663,2.76325123857005,2.7578137564579,2.71250383238384,2.71114365442538
"432",2.74618882337015,2.75579068522816,2.7416008869496,2.76110028084055,2.68043289279201,2.60428659478023,2.57736123869711,2.61317686616231,2.56113457542548,2.635153626992,2.61438032619234,2.76864649503322,2.72819583551109,2.74285136245788,1.51377197094167,2.27355029006291,2.16021942908776,2.29909892358695,2.54154559635193,2.52431519725414,2.59341226131422,2.68628202930676,2.70330847540881,2.71258633007973,2.70779668245588,2.66706171456007,2.66601587400476
"434",2.68101454878223,2.68970508472849,2.68001861628225,2.68712928399396,2.62067605582079,2.54985836410513,2.52577979569627,2.56395830905471,2.51048908114631,2.57620708346758,2.55870723647401,2.69539751863014,2.66461640325318,2.67799764811082,1.47499976615542,2.26996483156472,2.16082023505804,2.30281877584691,2.52419800580399,2.50846406198377,2.56400089751124,2.64013709784683,2.65671345182646,2.66256450517728,2.65987250167816,2.62320645479697,2.62323644536999
"436",2.61446570647208,2.6217241454835,2.61626891753898,2.61095102905532,2.56043751821613,2.49830831266842,2.47618166037596,2.51603146320434,2.4631482369719,2.51944196808421,2.50533070812392,2.62043309132892,2.6007736263405,2.61147841796741,1.44344702064704,2.26715677908088,2.16240913649616,2.3048755514605,2.50377122815645,2.49173304507583,2.5328638577181,2.592812570035,2.6085234469793,2.61020044414371,2.61033180627849,2.57869600151927,2.57953047393003
"438",2.5438539067581,2.54866460968296,2.5481584380149,2.53057188328989,2.49778303594267,2.44786573015124,2.4273145505256,2.46739965235269,2.41696268928206,2.4635074601189,2.45260886412017,2.54074649841793,2.53368357961595,2.54112354609242,1.42016779061419,2.26457108802108,2.16478162725401,2.30464135602889,2.47867085897467,2.4731068387165,2.49852985265356,2.54179190525174,2.55539919617603,2.55350298227169,2.55600093212466,2.53163553033408,2.53228926995547
"440",2.46786170346636,2.46889535843016,2.47451748416184,2.44558121727304,2.43212351090863,2.39754751930012,2.37926578837492,2.41715535434198,2.37108741235291,2.40796170119555,2.40007983062657,2.4549366866653,2.46164194549186,2.46579299944466,1.40668748602499,2.26272198564171,2.16883640697974,2.30301750615874,2.44946551395205,2.45215882992216,2.46045276796431,2.48541183923738,2.49542630851817,2.49153285452428,2.49508876417928,2.48078407293654,2.48023284884282
"442",2.38692873019447,2.38297218500041,2.39565574173467,2.35726092091774,2.36452211351698,2.3475283172339,2.33297333180271,2.36563890446078,2.3260031676162,2.35323633126965,2.34850220411764,2.36377990316825,2.38500760802745,2.38579782379401,1.40335743528923,2.26242035140399,2.17564951910292,2.30131681512987,2.41796299867598,2.42906506430029,2.41892251390894,2.42366847674849,2.4288593569542,2.42456066751672,2.4277994100248,2.42603962110185,2.42380416977521
"444",2.302950961526,2.29335945927493,2.31328604528446,2.26803082726976,2.29722671621373,2.2988141931151,2.28938392429492,2.31403665068127,2.28289947875157,2.30018089254291,2.29924550457358,2.26984141462773,2.30597182980014,2.30279472374455,1.40802327734278,2.26390866247641,2.18542095953646,2.3002377279208,2.38602690840071,2.40435288023481,2.37481303923538,2.35823590777109,2.3578974119024,2.35385782038082,2.35610397420352,2.36841482384187,2.36477884852337
"446",2.21810920510862,2.20323290041257,2.22965581110762,2.18016847593083,2.23262849427559,2.25246290514099,2.24846657662261,2.2634141815724,2.24262531475046,2.24910720457544,2.25334458501748,2.17655872340818,2.22757790556489,2.2188735387709,1.41503690611636,2.26599986151423,2.19656075263205,2.29900224627424,2.35422923055011,2.37843745449039,2.32889002878371,2.29166930753528,2.28546861531939,2.28079827525362,2.28256044579507,2.30947034258502,2.3051081931966
"448",2.13808938672609,2.11881026017932,2.15036355532066,2.09918002743381,2.17467145804393,2.21086332064813,2.21193879015364,2.21724596148398,2.20778788864006,2.20309973698149,2.21300401332949,2.08889936557975,2.15450921175285,2.13980453296263,1.42155059629896,2.26868548158643,2.20786433683961,2.29799769209677,2.32484471437954,2.35277640973952,2.28464737528713,2.22851824871738,2.21708459074112,2.21040536509058,2.21291906676681,2.25270763514689,2.24908960826503
"450",2.06624839038187,2.04374265113892,2.07931229621053,2.02800365014268,2.12529914752888,2.17523306236473,2.18039571886518,2.17721960696982,2.1792089438399,2.16325268931363,2.17875438714319,2.01043783349391,2.08987072276102,2.06906473453737,1.42095928665763,2.26987600698004,2.21629870693218,2.29586218597628,2.29822948921916,2.32787077252664,2.24431820399755,2.17203601661864,2.15580442907993,2.14579459170146,2.15010860161204,2.20087207130643,2.19824046978546
"452",2.00462890023353,1.98025810627869,2.01911675777619,1.96844731127818,2.0850779176401,2.14553534680601,2.15404416921814,2.14413226217914,2.1570695477141,2.12999633674776,2.15061029868615,1.94472842047596,2.03522280375884,2.00907527854577,1.41165222194984,2.26868320280788,2.21991997338603,2.29271656687966,2.27452059416887,2.30397000584162,2.20945184085805,2.12344137056299,2.10289621081259,2.08984919511832,2.09577407511261,2.15568452173719,2.15290127892385
"454",1.95458286889416,1.93028887990624,1.97137326223616,1.92156978311168,2.0546725578439,2.12293138691162,2.13423973930419,2.11918462950178,2.14217690649688,2.1044472532354,2.12895214616538,1.89276176890087,1.99149235716891,1.96188767056291,1.39357940727585,2.26573533068239,2.2189196295087,2.28961895892483,2.25428110368897,2.28268416216051,2.18201926670327,2.08388273188199,2.05962288018823,2.04426833136649,2.05204935700874,2.11846791008672,2.11469714411718
"456",1.91695675958659,1.89440528558993,1.93592377019767,1.88770082192463,2.03402699517378,2.10883584630963,2.12304462806823,2.10338167422437,2.13493782753129,2.08753554384565,2.1147319947668,1.85412504492919,1.95903871572048,1.92753173566944,1.37237174421785,2.26335293700362,2.21680460108716,2.28821466087613,2.23950253239878,2.26555314832191,2.16305519729292,2.05396726437825,2.02644494811373,2.00928996105558,2.0198462733729,2.08973706386229,2.08512590673825
"458",1.88865618607879,1.86802279876585,1.90931593383201,1.86306468593732,2.02033944242953,2.10019137578349,2.11808790455288,2.09351462155496,2.13213607614003,2.07638313841837,2.10574572759619,1.82572360052172,1.93454002056641,1.90220013836187,1.35116486905302,2.26081608444654,2.21482421518646,2.28811798729817,2.22926909833578,2.25078037968159,2.14975394940699,2.03085234604032,1.99984583158985,1.98225756943133,1.99490927209835,2.06644147733756,2.06199713490379
"460",1.86551163085647,1.84581568028301,1.88691023681609,1.84252213453764,2.01003705220169,2.09426526746801,2.11626901648665,2.08613807691278,2.13075397561221,2.06793877129987,2.09948629955089,1.80282352647636,1.9141260101587,1.88079123993548,1.3318827370648,2.2576693830711,2.21311381802888,2.28846321676152,2.22030947852813,2.23654360544795,2.13872755782061,2.01119280914196,1.97613517087665,1.95933945803919,1.97280433335466,2.04507294796105,2.04209532577786
"462",1.84306401623231,1.82336653850939,1.86433830681035,1.82128554354233,1.99864875668016,2.08747085543416,2.11353468520426,2.07777941744241,2.1278745228775,2.05876765856453,2.09275737091534,1.78001303383494,1.89370874822284,1.85853941488209,1.31445754546405,2.25279245416067,2.20957171488723,2.28742599854354,2.20831008619679,2.22101317793043,2.12667722608131,1.99123205424914,1.95183978590031,1.93640549258738,1.94958821120013,2.02218783853979,2.02082947974229
"464",1.81889295062909,1.79893897053332,1.8401182177548,1.79694533730731,1.98401863017606,2.07845704099622,2.10846099155197,2.06671334168289,2.12294221202594,2.0478000464355,2.08418634958668,1.75480896261147,1.87160328790736,1.83439236111079,1.29977205626408,2.24648227776619,2.20430862097019,2.2851825421878,2.19293887417845,2.2035469400472,2.1123441096009,1.96962202445391,1.92591846023844,1.91155687682249,1.92439246236228,1.99695669738774,1.99681265149056
"466",1.79222970383249,1.77129132030549,1.8131102029471,1.76868213618876,1.96593047264403,2.0673954929938,2.10185597911707,2.05301816846449,2.11687348050011,2.03523822568423,2.07358158809013,1.72582704685656,1.84689460186913,1.80824274015088,1.29191497528302,2.24035910526102,2.20016842006712,2.28224119665535,2.17620056836108,2.18482986327981,2.09603598775278,1.9458102331675,1.89772186007632,1.88397058247418,1.89674522876734,1.96964167724126,1.97081397765577
"468",1.76220905749379,1.73928306831495,1.78252477722423,1.73553851328389,1.94358916396879,2.05303226822916,2.09306666101266,2.03617901147277,2.10988523585061,2.01989271788619,2.06008119075443,1.69148810199016,1.8184059469715,1.77853855125791,1.29065049368162,2.2347136330809,2.19726683830635,2.27796839516511,2.15739868166471,2.16548522647186,2.07750250054554,1.91898495412643,1.86668606577211,1.85302043513338,1.86495601378708,1.94027725416709,1.9420511780541
"470",1.7284962963677,1.70263690987341,1.74803642516656,1.69757241889298,1.91713909744071,2.03605474666926,2.08303111365064,2.01654974736903,2.10164391678581,2.00171937768268,2.04444006533785,1.65193496402441,1.78597815721435,1.74397050033338,1.29894463890326,2.23153601925295,2.19765440121166,2.27362185803056,2.13709279293579,2.14641444351245,2.05729567907655,1.88890906283051,1.83248110367625,1.81846531905303,1.82942155215665,1.90908001691709,1.91087204962841
"472",1.69194679977088,1.66279224213883,1.71025153222989,1.65605644981054,1.887186364269,2.01766156056309,2.07187032882609,1.99464265311274,2.09048473228556,1.98124056937836,2.02721097229894,1.60961174832271,1.75066086468475,1.70563350610115,1.31916371349526,2.23180618593176,2.20275541310319,2.27036402662889,2.11642328582959,2.12790440443375,2.03596489654756,1.85641505674228,1.79538986150976,1.78108665533859,1.79186813931235,1.87654410573209,1.87836724604119
"474",1.65306290384246,1.62085103380168,1.67028274359728,1.61263965152447,1.85463870728132,1.9982156155741,2.05906765236745,1.97084636074207,2.07681034273055,1.95906991721975,2.00879640756846,1.56624575003741,1.71362372327374,1.66500100396591,1.35189698840705,2.23572152254382,2.21316520549972,2.26957412873837,2.09538449383738,2.11003791144618,2.0132752569061,1.82248415695731,1.75637023544094,1.74196716018016,1.75330586717222,1.84332818485078,1.84512156334216
"476",1.61332902954516,1.5787758382379,1.6300958807608,1.56950250066121,1.82060393997798,1.97729168139782,2.04355085087805,1.94487178000094,2.06062337997307,1.93531274767373,1.98845860539979,1.52345247848254,1.67596480649189,1.62450902512062,1.39214925852262,2.24045488759895,2.2246202989317,2.26877975108342,2.07212682999052,2.09128064436898,1.98780258746399,1.78758393532488,1.71683820724509,1.70254435008027,1.7148208004669,1.80963071349046,1.81123276661459
"478",1.57279617758614,1.53655302156047,1.58956417750626,1.52636036854196,1.78476098555312,1.95423238878073,2.02429552039721,1.91635864858081,2.04080100326369,1.90911466443032,1.96510744003225,1.48066388647076,1.6372886045123,1.58376530102058,1.43647693921043,2.2435604205693,2.23488849371562,2.26575090444857,2.04555558131917,2.07016505944422,1.95769927389629,1.75144288317358,1.6766153110168,1.66301341103821,1.67504359186413,1.77465089628009,1.77564253735986
"480",1.53153951589537,1.49422874199409,1.54861462562415,1.48341859406545,1.74731236474106,1.92884674002986,2.00171250565178,1.88578631173178,2.01783663653318,1.88052184253353,1.93866650025238,1.43777029984098,1.59773900688992,1.54258671965557,1.48334232988274,2.24331075300032,2.2431434820836,2.2588158321553,2.01612702570826,2.04572157570916,1.92320356240887,1.71394736339545,1.63603396743742,1.62328729268798,1.63404014594449,1.73817932322278,1.73780733084329
"482",1.48758713542215,1.4500900637179,1.50527313105036,1.43910681832024,1.70735165116924,1.90000712422898,1.97515747393141,1.85232598244699,1.991784461266,1.8482321191181,1.90824265123102,1.39343906820279,1.55605565289181,1.49948515543284,1.53206261098288,2.23872776647177,2.24853430080557,2.24626110862006,1.98335642270771,2.01738924463655,1.88432835894841,1.67346837635626,1.59374905528997,1.58123040732792,1.59154552430736,1.69903996846295,1.69700531564905
"484",1.440914161558,1.40298724120472,1.45880740590525,1.39284911297735,1.66528150796366,1.86852336383675,1.94609766837307,1.8169194275724,1.96417578971004,1.81304664758664,1.87572523527401,1.34666660954167,1.51205240753063,1.45338679662825,1.58692898120704,2.231212762495,2.25293516919697,2.2299320748637,1.94793415144442,1.98707697664302,1.84253713809674,1.62996486420727,1.54878998256404,1.53643785497906,1.54707906806563,1.65725004170784,1.65414486694695
"486",1.39151703724825,1.35205024970877,1.4090452076114,1.34409113953485,1.62057175721096,1.83408227177195,1.91431919161523,1.77932020193319,1.93472646869398,1.77517145841509,1.84162892431556,1.29647222088421,1.4649032966486,1.40346030463346,1.64991279356858,2.22093131324743,2.25602345224998,2.2100153428884,1.90955618995662,1.95474227675921,1.79832013592354,1.58313870430867,1.50018798480146,1.48888661920301,1.49944395585165,1.61201326882918,1.60893359038761
"488",1.33840979824795,1.29721386209189,1.35559617258643,1.29232107708469,1.57315602211602,1.79776546265485,1.8805071831368,1.73912318074199,1.90408098874962,1.73492737016743,1.80631167366908,1.24307121229935,1.4143697111995,1.3492380855138,1.72067494572127,2.2089245998952,2.25773036322371,2.18654207951267,1.86907984158514,1.92031225947931,1.75145081238068,1.53290343860682,1.44754852811185,1.43800526064227,1.44799635540723,1.56331255833499,1.56026690882362
"490",1.28082976352731,1.23814184008058,1.29774640008331,1.23646237912033,1.52165690256711,1.75832239129516,1.84307425158403,1.69407960398679,1.8700336130864,1.69115891825047,1.76852867211359,1.18611337854012,1.35967335963122,1.29038620956709,1.79416391085305,2.19272052510429,2.25458396579315,2.15689968879559,1.82465014430383,1.88182850834543,1.70015481769104,1.47814982928394,1.39020721195981,1.38241943913673,1.39115605902476,1.51013477984237,1.50640959517019
"492",1.21997078634715,1.17639905691601,1.23674050852909,1.17741602403921,1.46674459761128,1.71545856787674,1.80133728121538,1.64363168825062,1.83170465881071,1.64450427177239,1.72806922497707,1.12606144768901,1.30156344804547,1.22897009118166,1.86577855816761,2.17043893846113,2.24411537685204,2.12003130499793,1.77489847490043,1.83864064586351,1.6442695869817,1.41931731198182,1.32954515213227,1.32253027839565,1.32982059971049,1.45269992946215,1.44850083893626
"494",1.15556985329442,1.11139610672578,1.17152543727139,1.11450378406901,1.40696142387569,1.66619608235566,1.75261567795894,1.58551202956247,1.78675648096892,1.59276971329013,1.68170545274607,1.06202570864205,1.23910882793726,1.16483601283252,1.92979967575791,2.13840609894931,2.22258954170789,2.07335944558428,1.7188622630522,1.78848176267236,1.58118383871901,1.35508470619321,1.26469489633337,1.25730979545888,1.26331612499048,1.38966792335194,1.38501786636206
"496",1.08820802615372,1.04298342235014,1.10226462085782,1.04836024282727,1.34231870074599,1.60931718494502,1.69640559436308,1.51964019998106,1.73456293805479,1.53519940550161,1.62851335476953,0.994890653747514,1.17255710699633,1.09768113218788,1.98643082246395,2.09637903133768,2.19043332363714,2.01767022311009,1.65751584352544,1.73117059966307,1.5112015332955,1.28576798317615,1.19562744337814,1.18744159994965,1.19187862633002,1.32144576758364,1.31601426265601
"498",1.01797640508373,0.971416206503494,1.02938140208807,0.979301699851382,1.27285041753094,1.54429516589564,1.63186438642471,1.44603045911784,1.6743487582655,1.47104818150824,1.56737908424768,0.924949946269845,1.10207827039151,1.0270996306886,2.0335513191436,2.04449518116055,2.14703557037333,1.95376059021109,1.58965642195916,1.66718786405416,1.43579175178583,1.21192034338164,1.12277599836126,1.1134814678484,1.11666899550902,1.2482783070498,1.24243824225985
"500",0.945490970782545,0.897823912899525,0.953758848819259,0.908106845350502,1.19875456881203,1.47153131863889,1.55909292495065,1.36583193317282,1.60615650476367,1.40022632591845,1.49856281700631,0.853458712586743,1.02824807910887,0.953459118142309,2.07095392932063,1.98385267960746,2.09296535552434,1.88283006986882,1.51510927480022,1.59754494709606,1.35672383152111,1.13454035399374,1.04712623216022,1.03674513933574,1.03960588597565,1.17124977875607,1.16577009582895
"502",0.871271508023333,0.82348715659262,0.8766459542033,0.835540107277665,1.11988351890847,1.39060623859206,1.47771253330543,1.27944351004046,1.52943182109429,1.32216162918289,1.42198835574058,0.781881970793754,0.951645469178902,0.878009271472735,2.09476311077629,1.91326871236771,2.02716132709778,1.80391187634774,1.43479792927777,1.52159065339193,1.27397628130635,1.05418130863906,0.969421432086019,0.958290492291096,0.961478785222286,1.09107723002152,1.08682586571849
"504",0.796409289548325,0.749297911690626,0.799258798063867,0.762140271116841,1.0364020330585,1.30126008478188,1.38740760532399,1.18717938895286,1.44392930400497,1.23648389302004,1.33709811915957,0.710992562197393,0.872930640674501,0.80208114445543,2.09854455730821,1.83159670185422,1.947758975372,1.71572421914324,1.34865632375515,1.43930509120492,1.18707376095636,0.971549044141584,0.890003520421938,0.878650893109053,0.882133519672741,1.00815594974929,1.00516372492386
"506",0.721607095151287,0.675366172874765,0.721870067896768,0.688053111907496,0.94863772848814,1.20340358904437,1.28767869659243,1.08945212407702,1.34844086383908,1.14285704697557,1.24309267374966,0.640436488530298,0.792424957475233,0.725990644437924,2.07519872395288,1.73717966823465,1.8527051865313,1.61581190584705,1.25594360406537,1.35025045751663,1.0952081962106,0.886685200142661,0.808844493742222,0.79796287060985,0.800560735853036,0.922409840670091,0.920336287014343
"508",0.648413302657649,0.60371231308329,0.646527517022972,0.61524117946984,0.859202104069089,1.10086914863182,1.18201035852546,0.988960345296368,1.244514729672,1.0445882617095,1.14296016625476,0.571753847726488,0.712521735614121,0.65188641979989,2.02521442871973,1.63226734253786,1.74459690629416,1.50618701893415,1.15935685603025,1.25582358793573,1.0006171497343,0.801493684261318,0.728098834654533,0.71805459529268,0.719469921687601,0.836093593002553,0.834842905333489
"510",0.579139201579226,0.536902036649534,0.576080386972294,0.546633460418442,0.772258003415507,0.99948125896863,1.07672225270288,0.890898378538922,1.13742350167551,0.947360308785838,1.04254282086188,0.507167483367622,0.636723870245866,0.582137067341445,1.95765360973577,1.52333357420849,1.63087032776748,1.39368192864751,1.06374993317362,1.16032261050348,0.907890145636371,0.719492165399087,0.650993411574574,0.641844314923875,0.643250906209747,0.752874246263206,0.752688290613561
"512",0.517258098977748,0.47814624891239,0.514425944525561,0.486140761098435,0.693622668535817,0.906205187639312,0.97963046108046,0.802163156390487,1.036951192927,0.858530766472846,0.949580462663502,0.449649320169715,0.56942615347319,0.520123427730488,1.88590052931191,1.41943504162345,1.52197269447434,1.28816744615053,0.975214363372697,1.07063463105542,0.823117513189923,0.646004149131057,0.582089387763403,0.573643969332599,0.575793978862591,0.678053473278911,0.678508348847148
"514",0.466023650176752,0.430294126522334,0.464537521452054,0.437155249535248,0.628781078748318,0.828272364899247,0.898969408669281,0.729181945401385,0.953198473037415,0.785010374746313,0.872022847047146,0.402427115124736,0.514396133560825,0.469008531806199,1.82730133364296,1.33003231712476,1.42895237270535,1.19915567730038,0.899213896013931,0.994101860302282,0.75267389662511,0.585724549099496,0.525252042854164,0.517593405152928,0.52077093393706,0.616499316808221,0.616965425398325
"516",0.426838291691842,0.394361990098043,0.427003868752732,0.400350866890456,0.579905848398811,0.769426039293731,0.838554687520228,0.674278295307669,0.890565605094968,0.729586584331353,0.813475332824169,0.366802079787909,0.472520456840393,0.429914045512807,1.79163144141703,1.26000217545914,1.35658346957529,1.13001483800283,0.838232240362347,0.934029198022657,0.698955503658031,0.540110320522934,0.481741216738125,0.475037479984371,0.479085717587221,0.569756292720275,0.56950690671138
"518",0.399102932719334,0.369117674439469,0.400671045976875,0.374546902780778,0.546046281551572,0.72894149655732,0.797364076525713,0.636382973257435,0.849189676593688,0.691561275723321,0.773383888497756,0.342082523930674,0.44272882995266,0.402093819050465,1.78129490240047,1.21005709883511,1.30531525800002,1.07991145799643,0.792773900915422,0.889959517417738,0.661316284691203,0.508108790498188,0.450924312186003,0.444836539858686,0.449699117409078,0.536849862997334,0.534852177940354
"520",0.379610670718699,0.351234181236306,0.381827465280843,0.356476688290029,0.522684830818655,0.701480332086677,0.769821128207102,0.610409208296571,0.823081698050482,0.665989383866832,0.746547415917211,0.325230406768511,0.421584844230877,0.382731019048786,1.79029988832506,1.1747927399614,1.26954280456529,1.04367277178793,0.759604946438798,0.857385344801634,0.635228882747465,0.48556438112223,0.429361291659982,0.423182208170744,0.429055311563351,0.513651673968427,0.509281607138323
"522",0.365116593839931,0.337458519262134,0.366919901949983,0.342696204259413,0.505064204434387,0.681269228800679,0.749824218995134,0.590961474639525,0.804520105240072,0.646982234064673,0.726878746467336,0.312658116019043,0.405693628723017,0.368339911711012,1.80849689978339,1.14737695254327,1.24227533702843,1.01580141514642,0.7337897687432,0.83173872470855,0.615012898639592,0.468380273151178,0.412921352918345,0.406616339059816,0.41296837290144,0.495895408151914,0.489471008601763
"524",0.352447217455731,0.324825398775762,0.352970662851254,0.330249917910706,0.488932798926464,0.662950438643069,0.731685977141344,0.573390581896597,0.787120906131943,0.629585644600373,0.709003523655962,0.301275392086662,0.391782378014803,0.355425620312558,1.82679584209053,1.12182155112823,1.21686792799968,0.990556529099716,0.711065631408451,0.80837320120189,0.595752910922698,0.452781380383461,0.397905618605505,0.391970811712703,0.398093571435526,0.479540527064744,0.472388721717109
"526",0.338951594922905,0.311915273176451,0.338538720419337,0.317398896554012,0.4717744679391,0.642973404783045,0.71140321108179,0.554572273245867,0.766800103329829,0.610575854314929,0.688865141244654,0.289484344211757,0.377580020380555,0.341786531936819,1.83733898275688,1.09416789177479,1.18898143725852,0.963182861653186,0.68833354211903,0.783400211671946,0.574771184069671,0.436432224500059,0.382521258429704,0.377112674954959,0.383031430320723,0.462176882144909,0.4555661912689
"528",0.324467134547749,0.29849144976987,0.323896941000902,0.30394721137995,0.453738786966302,0.6210448288828,0.688839587411017,0.533958699108832,0.742879773408062,0.589909739979142,0.66646148818618,0.277020642470338,0.362841538622988,0.326940828976082,1.84051101226129,1.06407860084447,1.15915201252029,0.933369490962285,0.663535719787761,0.756319446063247,0.552332719623454,0.419148620004727,0.36642207950669,0.361710040219879,0.367643491711604,0.443805767357036,0.438415109640091
"530",0.309664997170583,0.284900123469319,0.309385520405904,0.290176523211258,0.435030218868171,0.596922548292931,0.663830845488631,0.511915305126317,0.715433388665327,0.567640722332272,0.642226276396446,0.264313080978177,0.347434505358467,0.311407222439491,1.83512601901213,1.03075256629893,1.12659221495506,0.900770735559969,0.63630908678572,0.727257587208178,0.5291883574432,0.401167601474727,0.349962797305522,0.345783165368631,0.351962150699439,0.424874453146246,0.420698464259645
"532",0.295018613187495,0.271568880781889,0.295070795740705,0.276522202532657,0.41636002747081,0.572034307829162,0.637848970361731,0.489921836096388,0.687115499769486,0.544815691106183,0.617147463170499,0.251748831356284,0.33151034363361,0.296062132875123,1.82388772352745,0.995835423969234,1.09226785069275,0.867230053299963,0.609281131864067,0.697730019267131,0.506054033233234,0.383256581993896,0.333731137385227,0.329815317320311,0.336599044999648,0.406225992351978,0.402245748978135
"534",0.280457517791922,0.258019180993866,0.280477661006307,0.262727078675788,0.397133681302384,0.546343064443989,0.610556639853058,0.46743354751253,0.658073667492964,0.520975546600117,0.590756190052653,0.239075675873601,0.314802985519985,0.28081162959752,1.80597817923815,0.959135464758402,1.0553399597682,0.832484393138322,0.582402397063677,0.667363632924781,0.48257649542633,0.365083211796894,0.317134145667326,0.313514302634879,0.320711876808249,0.387323234560362,0.382356009619222
"536",0.266161107252404,0.244607590159577,0.26639574161987,0.249290667414481,0.377892891145887,0.520869733455992,0.582797813330461,0.444692895636889,0.628606232926636,0.496850901620343,0.563962514897199,0.226784742202368,0.298117205057257,0.266034603702269,1.78171404106692,0.921453861605769,1.01617803144274,0.797408048959669,0.555259698690605,0.636668840863503,0.459575655035641,0.347251433141016,0.300637955605107,0.297523359895562,0.304438622372034,0.368461244201188,0.362248014743109
"538",0.2507522537811,0.230320623790272,0.25145508191138,0.235019643080666,0.357103339858917,0.493916288687702,0.553062740200094,0.419952621010667,0.596521053658154,0.470667357070976,0.534998827897511,0.213898660963705,0.280401049588513,0.250584281438314,1.74965014007929,0.880787951823999,0.973129716713455,0.760462933742024,0.52641585083471,0.60424606892497,0.434830547638963,0.328108000596194,0.282895790755079,0.280907329337161,0.287023180980739,0.348160829168596,0.341491709423081
"540",0.234785629250941,0.215727526853163,0.236052187453222,0.22035879280697,0.335416853636694,0.465857499696236,0.522250869595157,0.394288656771518,0.562902942393882,0.443252068395488,0.504819617864148,0.200772819756216,0.262373811521116,0.234889736523761,1.70913359801263,0.837653783456895,0.927203641713013,0.721815319667787,0.49665533633184,0.570864795312721,0.40875164523635,0.308308028700873,0.264758165825047,0.264198139477607,0.269364474500292,0.327067436427607,0.320981296844295
"542",0.218201924921965,0.200380532002596,0.220004128952823,0.204921822900838,0.312657280804901,0.435849230551492,0.48958636809564,0.367327200313993,0.527554777906116,0.414263060096007,0.472751943682323,0.186861198405218,0.243887364622989,0.218542828758649,1.65578426270266,0.791482666164631,0.877602041887594,0.680265794929909,0.465373270047146,0.536412688745464,0.381170131794518,0.28781007500221,0.2460911927084,0.246645092889979,0.251003386915109,0.304844214391995,0.299886930217382
"544",0.201747150307498,0.184753914661285,0.203677822637081,0.189307401129725,0.289655298375553,0.404870027529548,0.455748443573864,0.339643568917564,0.491717088244072,0.384641561403756,0.439610031586727,0.172596651645881,0.225572768021678,0.201957160845658,1.59188029533063,0.743358109511586,0.826711859109557,0.636773094275291,0.433314733856652,0.501319009984928,0.353144939051432,0.267154815150926,0.2276405447026,0.22844819341391,0.232375655681061,0.282258391212865,0.278369838010403
"546",0.185480846327235,0.169298310671132,0.187034324411386,0.173794778690279,0.266737341663857,0.373837694902214,0.42099316530274,0.311700851144692,0.455263172953674,0.354834256993457,0.405911178369695,0.158243874326491,0.207552168087713,0.185318050521187,1.51922963491078,0.693669056522502,0.775484806601971,0.591726102121572,0.401136691453906,0.465184780527703,0.325224062985465,0.246276671936889,0.209841022962238,0.209954719371071,0.213747446150866,0.259865793180042,0.25699474181292
"548",0.169496649150707,0.154507662074472,0.170547508899815,0.158659114618162,0.244344604607835,0.343629814266891,0.386465551194771,0.284518895259679,0.419021093267333,0.325681534851181,0.37262914702371,0.144154019711528,0.189914319213579,0.16906801523509,1.44044736055929,0.644093283462745,0.724604093027873,0.547143097076916,0.369724880069219,0.429126443796515,0.298099904827074,0.225507407066818,0.192772537551556,0.191628962316045,0.195578797116763,0.238214742642719,0.236186827113454
"550",0.154397860380367,0.140848688959029,0.154889775517803,0.144314115544455,0.222890075735159,0.314972944163119,0.353586984860653,0.259364812509489,0.384128741631271,0.297950859903285,0.340878631349409,0.130799724704732,0.17316381573464,0.153721302149358,1.36065426241852,0.596515424477788,0.675176761246891,0.50524971859526,0.339856699883147,0.394355980159185,0.27244603384898,0.205736723452144,0.176697897429531,0.174268063524511,0.178378490317945,0.21779197961376,0.216507780176926
"552",0.140990946864778,0.128621874836584,0.140615008032839,0.131321034730704,0.203157108932133,0.288881975346533,0.323933868492529,0.237183687119149,0.35234770406372,0.272606217526963,0.312076128975501,0.118876646428623,0.157895692620978,0.139956608474961,1.28685574645957,0.552416607704361,0.628776212888835,0.467184586909218,0.311824758182021,0.362019376521249,0.249331628813261,0.187846785238655,0.161942448048081,0.158738374061721,0.1624863345403,0.199216634332445,0.198602373517972
"554",0.12928822435433,0.117732057402157,0.128112226235417,0.119947221936676,0.185544785542179,0.265766868434497,0.29827132099186,0.217721510336845,0.324659099829302,0.250284790853533,0.286826214597594,0.108452451325291,0.144532925586935,0.127932001950936,1.22121023412902,0.512664468453293,0.586644628641117,0.433422337360724,0.285910163709469,0.332903800750246,0.228924934637734,0.172172285596608,0.148788398952078,0.145184174631217,0.148417209692368,0.182581659094315,0.182568997373475
"556",0.118917569301668,0.107922530363941,0.117520279177721,0.109872543280401,0.169902892987008,0.245103486259889,0.27565136332173,0.200059893032158,0.30022679066077,0.230654315193039,0.264457895433432,0.0991113043993243,0.132797745494859,0.11727693410506,1.16007546183777,0.4766388903779,0.548105822248195,0.402563635091627,0.26213872888994,0.306510853695298,0.210402097177538,0.158364927210942,0.137100112061402,0.132985566591904,0.13609816636047,0.167544876094993,0.167722927013572
"558",0.109353084250111,0.0990629063466814,0.108350179004534,0.100802467740289,0.155942020933314,0.226346879802237,0.255106382517229,0.183760035851175,0.278050123651417,0.213048621820789,0.244245731589538,0.0907211216856946,0.122164944666474,0.10766923947645,1.10071235442585,0.443208354322931,0.512239039825327,0.37367484963177,0.240502648687866,0.282488403044007,0.19346022176304,0.145919209482027,0.126469043426491,0.12178492613304,0.124912699915986,0.15395128127836,0.153948051437896
"560",0.0998592477501791,0.0908263566303925,0.0996938458091173,0.0923178562592295,0.142887268576384,0.208537494352865,0.235288929964929,0.168334703541946,0.25646900502516,0.19624078111067,0.225067921233155,0.0829260859698304,0.111968037792522,0.0987178505157884,1.0383151979195,0.410248385782675,0.477439020425972,0.345322542470832,0.220130084598562,0.259706130870906,0.177302686437489,0.134000141839784,0.116175594571751,0.111080979628458,0.114275631729484,0.141263473869627,0.141073264105561
"562",0.0903193376883851,0.0826641249491531,0.0908131028488756,0.0839252500733318,0.129982141378921,0.190690131176751,0.214751418704711,0.153133973581244,0.234159876586426,0.179198979916691,0.205837382660835,0.0753672533049545,0.101674397582734,0.0897777148125376,0.968543422635377,0.37616397808576,0.441921756972834,0.315678881803486,0.199741701256243,0.236850855176243,0.1608531698248,0.12179455793702,0.105420665105561,0.100484381410532,0.103749298277158,0.128687532452935,0.12877616124269
"564",0.0803622513840418,0.0740513290170407,0.0813059905479411,0.0751954382056387,0.116381914723867,0.172116305071271,0.193035424248261,0.137613047973954,0.210259578554443,0.161095590702166,0.185705863456381,0.0676519147814157,0.0910036625984447,0.0802381211059304,0.888588898653045,0.339658740466642,0.403257655894003,0.283942118675326,0.17880344828434,0.212799436142299,0.143681149884096,0.10887271362625,0.0939465528480834,0.0898140977088819,0.0932357093578855,0.115515597897466,0.116416805160916
"566",0.069851025018111,0.0649064999770973,0.0712151851550237,0.066022437936243,0.102002558552832,0.152637107188706,0.170349120158785,0.121292708747561,0.18456644858289,0.141763583361785,0.164045763143207,0.0595553427007376,0.0800842754628924,0.0700510522092507,0.797438463524907,0.300476186595108,0.36041688712195,0.250580656613905,0.156748953363258,0.187289731367357,0.12583646357584,0.0954408928972473,0.0820473646488061,0.079037048781153,0.0827819282601837,0.101716883146996,0.103322418044181
"568",0.0590991185693328,0.0551852236583008,0.0604997609245231,0.0563269145178393,0.0870407789213078,0.131862342194534,0.146275080276341,0.103845526047343,0.157489806733113,0.121217593160107,0.140536213396516,0.0510380111040747,0.0687270334811363,0.0593729818332993,0.694366057473287,0.258722429006202,0.312960297587508,0.215949390967083,0.133715171916803,0.160588723016075,0.107259460879033,0.0815347024025624,0.0697233413648239,0.068099628685817,0.0716878419219253,0.0871982611333,0.0892033690308134
"570",0.0482085211754226,0.0450216477837114,0.0491382043260105,0.0461510502984683,0.0713955007105246,0.109252473278651,0.120377388228793,0.0854012601417617,0.129309889225128,0.0995198593175324,0.115234760825006,0.0419550180514361,0.0566238492642736,0.0483629167479301,0.578056238678909,0.213993907774949,0.259967729693827,0.17933992181069,0.109883040161256,0.132626127779849,0.0878649620144574,0.0671912323142786,0.0571948745729394,0.0565139257657623,0.0593797528216216,0.0718812338841337,0.0738415593872257
"572",0.0371633670024146,0.0345261291400596,0.0373415123432549,0.0355802177046974,0.0549469305530823,0.0846433732004928,0.0927130665689238,0.0657717684765493,0.100018208863013,0.0767431109092338,0.0883862848096604,0.03223797515408,0.0436579782608341,0.0370054622705864,0.449635196442295,0.166114431231464,0.201675126249671,0.139697468402151,0.0843291377313404,0.102948249752594,0.0676698758916001,0.0522652077596131,0.0442903041335837,0.0440121676186382,0.0457042669535374,0.0556053403122563,0.0568979652670785
"574",0.0255732454678123,0.0234996575870228,0.025210664850964,0.0244236704443589,0.0374616309215603,0.0579536947556574,0.063176187136871,0.0448144950360572,0.0688165472985474,0.0525521140153868,0.0600736065778815,0.021908537484144,0.0298442089986327,0.0251308126724308,0.30924221529356,0.114454818595355,0.138410089542913,0.0962979429278927,0.0571829810950271,0.0706234113820603,0.0463331770111037,0.0361513487938663,0.0304917136628065,0.030152459848765,0.0307943718141334,0.0381166785862168,0.0385719636472692
"576",0.0131342237007201,0.011993995386286,0.0128103294691325,0.0125685468908234,0.019140992064743,0.0296523014425485,0.0323072417915808,0.0229447513681988,0.035392781928971,0.0270253114083232,0.0306731263911417,0.011201799714447,0.0153299690489457,0.0128586435255703,0.159223075475503,0.0590134889491072,0.0712787336618985,0.0498047256190772,0.0291041925150799,0.0360530917585971,0.0238065723415974,0.0186633540737648,0.0156749848837843,0.0153366359790199,0.0154666995668563,0.0195798141929471,0.0196004579966544
"578",0,0,0,0,0,0,0,0,0,0,0,0,0,0,0,0,0,0,0,0,0,0,0,0,0,0,0
"580",-0.0133466308904547,-0.0121972082944338,-0.0130207489087367,-0.0128383718998938,-0.0195830447726058,-0.0302023562548686,-0.0329670342738106,-0.0232565546885244,-0.0364289702670515,-0.0276680740612232,-0.0314298598140197,-0.0114788837274424,-0.0154394121580166,-0.0130796838243341,-0.167116364901865,-0.0615168350370827,-0.0739582212130185,-0.0518185380671974,-0.0296387445333193,-0.0365831931571001,-0.024379657759261,-0.0188300659578475,-0.0157376061924002,-0.0151548321141042,-0.0151418913639272,-0.0200134306019941,-0.0200297121635968
"582",-0.0266088082116026,-0.0243491696410514,-0.0260421762877535,-0.0254113449167361,-0.0392750208610806,-0.0600264508155968,-0.065699770780419,-0.046535560032025,-0.0731966875202568,-0.0552379629539594,-0.0630643837872622,-0.022818641869067,-0.0302177500969327,-0.0260695663794704,-0.337495837017552,-0.124123519719837,-0.148187106218884,-0.103306489907033,-0.0591079435667978,-0.0732134635193373,-0.048833100699305,-0.037244625749987,-0.0309473252386421,-0.0298472092088775,-0.029478635241909,-0.0399096330104662,-0.0398910350444395
"584",-0.0395421667348917,-0.0360297984458976,-0.0388772855875396,-0.0373526087532077,-0.0586435996028996,-0.0890203404449739,-0.0977609530866959,-0.0693457342218484,-0.109644461126857,-0.0819667865905602,-0.0943717961369355,-0.0336361248718988,-0.044250526666185,-0.038593340954329,-0.5088868752017,-0.18635270520785,-0.221945614632544,-0.153140090965295,-0.0882734095802682,-0.108947150146665,-0.0729389542517349,-0.0548519394129277,-0.0455147300613996,-0.0440184971551381,-0.0432536290483621,-0.0590977929653429,-0.0590505170632494
"586",-0.0519501077208552,-0.0470714660478858,-0.0512244148919009,-0.048512500448137,-0.0773769699403568,-0.116873404944483,-0.128753937777192,-0.0913251411128175,-0.14505408284074,-0.107525037377111,-0.124693802795075,-0.0437553984418799,-0.0575337501563908,-0.0505227108625358,-0.677948620568078,-0.246948854565867,-0.295069149610933,-0.200908413292733,-0.116681057687465,-0.143315297091968,-0.0964155373298659,-0.0714601870750133,-0.0594275304556597,-0.0579261786618788,-0.0566570598630012,-0.0772992129501548,-0.0772047242353981
"588",-0.0637158232429303,-0.0575271451922194,-0.0627924113055333,-0.0589843232297755,-0.0952764053512063,-0.143455045023345,-0.158415999070685,-0.11226773879131,-0.178760478637796,-0.131955827282856,-0.153373966636901,-0.0532301541722885,-0.0702017830707937,-0.0619470613546175,-0.841474716771343,-0.305115147088655,-0.367828835688322,-0.247112673533208,-0.143798801422069,-0.176161093733246,-0.119045250933383,-0.0870832434895121,-0.0727664839389706,-0.0718605263625334,-0.0698324164346666,-0.0945466240298853,-0.0942979435669453
"590",-0.0747964599423391,-0.0675648179335292,-0.0734244018134492,-0.068993909267713,-0.112225158592231,-0.168726653704146,-0.186570745918289,-0.132104844092663,-0.210257198041933,-0.15544890816762,-0.17988234189445,-0.0622588929359171,-0.0823906894898789,-0.0730400237635905,-0.997191191273029,-0.360611586774341,-0.440206164021509,-0.292566915289891,-0.169238888586668,-0.207501841261255,-0.140531660765765,-0.101833165890972,-0.0855752530440184,-0.0858149425854966,-0.082808810317474,-0.1110619085844,-0.110451113458917
"592",-0.0851708031192201,-0.077228645578386,-0.0831579625800948,-0.0786739276734523,-0.128057456689154,-0.19254858058834,-0.212956085557944,-0.150723877356614,-0.239201292048436,-0.177896731905661,-0.203852818654656,-0.0709616545983058,-0.0940606219965796,-0.0837961522200213,-1.14382822969268,-0.413419276719926,-0.510889503445308,-0.337342625995035,-0.192917663535401,-0.237184333354743,-0.160329730038703,-0.115731057577559,-0.0977336231260832,-0.0992143830112642,-0.0954597480437953,-0.126950371924978,-0.125741834988625
"594",-0.0949499321863446,-0.0863977204514549,-0.0923306802520606,-0.0880252163126543,-0.142706294282397,-0.214906615237791,-0.23749144469339,-0.168049638879293,-0.265817361908826,-0.198927801155444,-0.225475661674987,-0.079300444705545,-0.105070579723873,-0.0940076860645441,-1.28279045347135,-0.464038875151067,-0.577992142105171,-0.38068743224419,-0.21537186209418,-0.26507344994511,-0.178003672718617,-0.128778460452379,-0.109131224754531,-0.1111937384079,-0.107682734233524,-0.142171419461434,-0.14026324273984
"596",-0.104215941618636,-0.0947151429827692,-0.10126664911738,-0.0967960615120707,-0.156045536275072,-0.235612900899839,-0.25993445156891,-0.183728176953554,-0.290405262006676,-0.217772651801961,-0.245204009678534,-0.0869390066391822,-0.115069790806875,-0.103221210814122,-1.414926180311,-0.512368687779069,-0.639084626691653,-0.420680701011866,-0.237016869285735,-0.290716185019552,-0.193381694196108,-0.140775081470123,-0.119640354768539,-0.120996545112116,-0.119194582237779,-0.156318853884462,-0.153975813516783
"598",-0.112941671213739,-0.101925598027837,-0.109909819877892,-0.104689910466567,-0.16802903970236,-0.254350894840631,-0.279929649760043,-0.197239980795471,-0.312967862822562,-0.233916866779533,-0.263598506714337,-0.0934761306619589,-0.123654535142622,-0.111149290497864,-1.53783775783307,-0.557237663564362,-0.69306620468939,-0.455520429658208,-0.257214480567347,-0.313633398330442,-0.207125013857316,-0.151417983572798,-0.129246865187179,-0.128870083557236,-0.129375757830795,-0.168901058978979,-0.166921238920626
"600",-0.121297653020289,-0.10863501307625,-0.11795329480943,-0.112051405917735,-0.17937328490378,-0.271621209604052,-0.298058875452061,-0.208893183959395,-0.333818795265185,-0.248622160261948,-0.281824520665397,-0.0991801041820832,-0.131009598820696,-0.118530642775859,-1.64984794965984,-0.598507165004466,-0.744259826048804,-0.486892417313062,-0.274564821785874,-0.334747794904489,-0.221503644990604,-0.160970110507132,-0.138479487260689,-0.136900391519614,-0.13768871032479,-0.180397321354806,-0.17998530866137
"602",-0.12835684077821,-0.115062528032544,-0.124087761972158,-0.118738181900342,-0.189644672453035,-0.286267362857953,-0.31344296859135,-0.218742430735463,-0.3506651434141,-0.262391336822773,-0.298376536143223,-0.104348774024844,-0.137158107103273,-0.125755249852533,-1.73800122055155,-0.632032381919913,-0.79272226211918,-0.515216493065874,-0.286156067793049,-0.35304038887613,-0.236620631496675,-0.169022939766973,-0.146631079645547,-0.146276072092468,-0.143259938082424,-0.190607846285447,-0.192129316498935
"604",-0.132953271290523,-0.119038834682211,-0.128905995184586,-0.123318041488178,-0.196838938644778,-0.296903359545924,-0.325627705569143,-0.227973031710125,-0.362485280288233,-0.271996744284829,-0.309728164625291,-0.108639635435499,-0.142887497814643,-0.130597544355455,-1.80756721760709,-0.655923152738231,-0.826088546955566,-0.535288397518983,-0.297260387613505,-0.365155336725282,-0.245766915044706,-0.175246125557699,-0.151497648942071,-0.151632480425022,-0.148716476835446,-0.197812646049581,-0.197959275959672
